{"cameraMode":{"drawMode":0,"name":"Shaded","section":"Shading Mode"},"sceneLighting":false,"audioPlay":false,"sceneViewState":{"showFog":true,"showMaterialUpdate":false,"showSkybox":false,"showFlares":true,"showImageEffects":true,"showParticleSystems":true},"in2DMode":false,"pivot":{"x":1.7300000190734864,"y":0.1819239854812622,"z":-5.75},"rotation":{"x":0.21384979784488679,"y":0.06500638276338577,"z":-0.014263426885008812,"w":0.9745996594429016},"size":1.0921974182128907,"orthographic":false}