{"cameraMode":{"drawMode":0,"name":"Shaded","section":"Shading Mode"},"sceneLighting":false,"audioPlay":false,"sceneViewState":{"showFog":true,"showMaterialUpdate":false,"showSkybox":false,"showFlares":true,"showImageEffects":true,"showParticleSystems":true},"in2DMode":false,"pivot":{"x":-0.04737100005149841,"y":0.5320901870727539,"z":19.894493103027345},"rotation":{"x":0.21384979784488679,"y":0.06500638276338577,"z":-0.014263426885008812,"w":0.9745996594429016},"size":1.290860652923584,"orthographic":false}