{"cameraMode":{"drawMode":0,"name":"Shaded","section":"Shading Mode"},"sceneLighting":true,"audioPlay":false,"sceneViewState":{"showFog":true,"showMaterialUpdate":false,"showSkybox":true,"showFlares":true,"showImageEffects":true,"showParticleSystems":true},"in2DMode":false,"pivot":{"x":2.961179494857788,"y":8.555506706237793,"z":-13.8444242477417},"rotation":{"x":0.2013889104127884,"y":0.017933545634150506,"z":-0.003689233213663101,"w":0.979345977306366},"size":1.8094940185546876,"orthographic":false}