{"cameraMode":{"drawMode":0,"name":"Shaded","section":"Shading Mode"},"sceneLighting":false,"audioPlay":false,"sceneViewState":{"showFog":true,"showMaterialUpdate":false,"showSkybox":false,"showFlares":true,"showImageEffects":true,"showParticleSystems":true},"in2DMode":false,"pivot":{"x":-10.899999618530274,"y":2.1999998092651369,"z":0.8536159992218018},"rotation":{"x":0.21384979784488679,"y":0.06500638276338577,"z":-0.014263426885008812,"w":0.9745996594429016},"size":3.872422456741333,"orthographic":false}